{
    "metrics": {
        "http_req_connecting": {
            "p(90)": 0.37470000000000003,
            "p(95)": 0.41129999999999994,
            "avg": 0.11236666666666667,
            "min": 0,
            "med": 0,
            "max": 0.429
        },
        "vus": {
            "value": 10,
            "min": 10,
            "max": 10
        },
        "http_req_blocked": {
            "med": 0.0085,
            "max": 0.912,
            "p(90)": 0.8976000000000001,
            "p(95)": 0.9046500000000001,
            "avg": 0.2978,
            "min": 0.002
        },
        "http_req_waiting": {
            "avg": 132.748,
            "min": 14.627,
            "med": 102.8505,
            "max": 254.26,
            "p(90)": 254.1288,
            "p(95)": 254.15565
        },
        "http_reqs": {
            "count": 30,
            "rate": 8.964946164004127
        },
        "http_req_sending": {
            "avg": 0.05796666666666665,
            "min": 0.018,
            "med": 0.0445,
            "max": 0.14,
            "p(90)": 0.10940000000000001,
            "p(95)": 0.113
        },
        "data_sent": {
            "rate": 2017.1128869009287,
            "count": 6750
        },
        "iterations": {
            "rate": 5.976630776002752,
            "count": 20
        },
        "http_req_tls_handshaking": {
            "max": 0,
            "p(90)": 0,
            "p(95)": 0,
            "avg": 0,
            "min": 0,
            "med": 0
        },
        "iteration_duration": {
            "med": 1185.5617790000001,
            "max": 1256.574764,
            "p(90)": 1256.3199641,
            "p(95)": 1256.3364156500002,
            "avg": 1178.0425926,
            "min": 1080.304202
        },
        "vus_max": {
            "max": 10,
            "value": 10,
            "min": 10
        },
        "data_received": {
            "count": 5430,
            "rate": 1622.655255684747
        },
        "http_req_duration": {
            "p(95)": 255.02134999999998,
            "avg": 133.11613333333335,
            "min": 14.725,
            "med": 102.9725,
            "max": 255.044,
            "p(90)": 255.0093,
            "thresholds": {
                "p(99)<500": false
            }
        },
        "http_req_receiving": {
            "min": 0.029,
            "med": 0.08,
            "max": 0.955,
            "p(90)": 0.81,
            "p(95)": 0.8343999999999999,
            "avg": 0.31016666666666676
        },
        "checks": {
            "passes": 0,
            "fails": 30,
            "value": 0
        }
    },
    "root_group": {
        "path": "",
        "id": "d41d8cd98f00b204e9800998ecf8427e",
        "groups": {},
        "checks": {
                "response code was 200": {
                    "name": "response code was 200",
                    "path": "::response code was 200",
                    "id": "bed5ed4407a904e0b27ca293ed585e5e",
                    "passes": 0,
                    "fails": 30
                }
            },
        "name": ""
    }
}